Cement,Superplasticizer,Age,Water,Strength
-1.072126592329876,0.2949757234773672,-0.15525908894834697,-0.874124025392632,0.39865875752952007
-1.1872502731104955,0.5322960309315165,-0.15525908894834697,0.7075299886634647,-0.35279790284662416
-0.1550396437385011,0.495785214400109,-0.15525908894834697,1.0896745826635947,-0.14648009190599193
2.3913400752226566,-1.1472015295132332,-0.8787648278483835,-1.8294855103929586,0.9492429450837
1.0303440185365207,-1.1472015295132332,-0.15525908894834697,0.2776173204133166,0.15845884273939995
-0.20869898647523047,-1.1472015295132332,-0.15525908894834697,0.2776173204133166,-0.16765640681192198
0.8361947602709,0.9704258293084078,-1.0165754447817237,-0.8263559511426154,0.02898080302885652
-1.2770077191428426,-0.5995392815421192,-0.15525908894834697,0.08123745960769452,-0.6704426264355741
-1.257495230874941,1.773663792999375,-0.15525908894834697,-1.1925778537260743,-1.02075937873653
1.132784581943004,-1.1472015295132332,1.9808054735184275,0.6119938401634315,0.848806708672718
1.1025402251277563,2.868988288941603,-1.0165754447817237,-1.8347930741985157,0.34965071446151097
1.0254658964695451,-1.1472015295132332,-0.8787648278483835,0.2404643737744156,-0.6547116496483116
1.4352281500954787,0.40450817307159,-0.8787648278483835,-0.13106509261460028,0.2528447034629738
-0.43992197244986425,0.07591082428892156,2.325332015851778,-0.3433676448368951,0.6666904004817201
-1.403838892884203,-1.1472015295132332,-0.15525908894834697,0.6119938401634315,-0.4205621105456
1.649865521042396,0.9704258293084078,0.8094152295850351,-0.9802753015037794,1.2360307526668664
0.003011511231501677,0.8974041962455925,-1.0165754447817237,-1.0492736309760258,-0.264462417810459
-0.6048024983136328,0.6053176639943317,-0.637596248215038,-1.3199593850594513,0.22864320071333957
-1.1501765454014823,0.860893379714185,-0.15525908894834697,-0.23721636872574767,-0.12469873943132109
-0.8135861227801798,-1.1472015295132332,-0.15525908894834697,0.2776173204133166,-0.13256422782495197
-0.6165099912743739,0.7148501135885544,-0.637596248215038,-1.3624198955039095,-0.06601009526345804
0.24496636575348152,-1.1472015295132332,-0.637596248215038,1.1958258587747421,-1.0098687024991948
0.13179393379965207,0.5688068474629242,2.325332015851778,-0.6565139093647802,0.8560671594976081
-1.403838892884203,-1.1472015295132332,-1.0165754447817237,0.6119938401634315,-1.6905359673326588
0.8010722813886769,0.8426379714484813,-0.8787648278483835,-1.404880405948369,0.05620749362219526
1.0898571077536205,1.0617028706369267,-0.15525908894834697,-1.1978854175316314,0.9607386588897766
0.00203588681810693,1.0069366458398157,2.325332015851778,-1.0545811947815829,1.2596272178477599
-1.072126592329876,0.2949757234773672,2.325332015851778,-0.874124025392632,1.3304166133904403
-0.8135861227801798,-1.1472015295132332,-0.8787648278483835,0.2776173204133166,-1.0661371963920945
0.2078926380444684,0.8791487879798888,-0.15525908894834697,1.5514326337470854,-0.17794204548051645
-0.004793484075659071,0.47752980613440527,-0.15525908894834697,-0.04614407172568266,0.5723045397581463
-0.9072460664661074,-1.1472015295132332,-1.0165754447817237,1.222363677802529,-1.8103334059433485
0.7718035489868245,0.860893379714185,-0.15525908894834697,0.6650694782190052,0.3659867288175139
0.0010602624047116288,-1.1472015295132332,-0.637596248215038,0.5589182021078578,-0.8204919434833063
-1.256519606461546,1.591109710342337,-0.15525908894834697,0.0493920767743506,-1.1671784703718175
-1.1989577660712363,0.13067704908603292,-0.15525908894834697,2.5227168101640847,-0.6341403723111225
-0.6184612401011639,0.9886812375741115,2.325332015851778,-1.373035023115025,1.4810709680069132
-1.2799345923830279,-0.5265176484793039,-0.15525908894834697,0.07592989580213745,-0.6704426264355741
-0.6155343668609785,0.07591082428892156,-0.637596248215038,0.0653147681910218,-1.0274147919926795
-0.23796771887708287,-1.1472015295132332,-0.15525908894834697,0.2776173204133166,-0.9106425412256942
-1.0916390805977776,0.3314865400087747,0.8094152295850351,-0.2849844429757643,1.1434600046495151
-0.926758554734009,-1.1472015295132332,-0.8787648278483835,0.2776173204133166,-1.3583703420939286
1.9327966009269693,-1.1472015295132332,1.9808054735184275,2.5227168101640847,0.44827183816627036
1.4449843942294294,2.248304407907674,-1.0165754447817237,-1.5428770648928603,0.08948455990294221
-0.22333335267615667,-1.1472015295132332,1.9808054735184275,0.9304476684968737,-0.4768306044384997
-1.2779833435562375,-0.5265176484793039,-0.15525908894834697,1.1692880397469554,-0.12711888970628446
-1.257495230874941,1.591109710342337,-0.15525908894834697,0.028161821552120814,-1.1677835079405585
-0.398945747087271,-1.1472015295132332,-1.0165754447817237,0.6119938401634315,-1.2857658338450255
-0.6165099912743739,0.1124216408203292,-1.0165754447817237,0.0653147681910218,-1.017734190892826
-1.0916390805977776,0.3314865400087747,2.325332015851778,-0.2849844429757643,1.2221148885858268
-1.3745701604823506,-0.05187703357100509,-0.15525908894834697,0.9835233065524474,-0.47501549173227725
0.605947398709661,-1.1472015295132332,-0.15525908894834697,0.2404643737744156,-0.19185790956155618
2.176702704275739,-0.4169851988850811,-0.15525908894834697,-2.1479393387264007,1.9814370373556016
-0.26235832921195984,-0.14315407489952411,0.8094152295850351,0.3678459051077928,0.21230718635733625
-0.6282174842351147,0.44101898960299746,-1.0165754447817237,-1.1235795242538278,-1.2875809465512482
-1.169689033669384,0.495785214400109,-0.15525908894834697,1.036598944608021,-0.1071526499378363
-0.8448061040088223,0.6600838887914433,-0.637596248215038,-0.7361273664481407,-0.9318188561316241
-0.26235832921195984,-0.14315407489952411,2.325332015851778,0.3678459051077928,0.45553228899116094
-0.9316366768009844,0.24020949868025568,-1.0165754447817237,-0.5769004522814196,-1.2827406460013213
0.18642890094977674,-1.1472015295132332,-0.8787648278483835,0.6119938401634315,-1.2476484670143515
-0.4604100851311611,-0.033621625305301356,-0.15525908894834697,0.7818358819412667,-0.6220396209363055
-1.074077841156666,-1.1472015295132332,-1.0165754447817237,1.222363677802529,-1.6893258921951773
-0.3843113808863448,-1.1472015295132332,-0.15525908894834697,2.5227168101640847,-0.28684880785387074
-0.7160236814406719,-1.1472015295132332,-0.8787648278483835,1.222363677802529,-0.9245584053067339
0.2742350981553339,0.678339297057147,-0.15525908894834697,0.8242963923857263,-0.2844286575789072
-0.2604070803851698,-1.1472015295132332,-0.8787648278483835,1.222363677802529,-0.9360541191128101
-1.1013953247317283,0.31323113174307093,-0.15525908894834697,0.8773720304413,-0.4592845149450149
1.2010782908806594,-1.1472015295132332,-0.8787648278483835,0.346615649885563,-0.28321858244142545
1.9815778215967232,-1.1472015295132332,-1.0165754447817237,0.6119938401634315,-0.6305101468986775
-1.3872532778564868,0.678339297057147,-0.15525908894834697,-0.014298688892338745,-1.3027068857697695
-1.2965202074107443,0.31323113174307093,-0.15525908894834697,0.6119938401634315,-0.2995545967974286
-1.12090781299963,0.678339297057147,-0.15525908894834697,1.8858091534972001,0.30366785923720596
0.7035098400491689,-1.1472015295132332,-1.0165754447817237,0.6119938401634315,-1.1998504990838237
0.8010722813886769,0.8426379714484813,0.8094152295850351,-1.404880405948369,1.9336390694250745
-1.208714010205187,0.31323113174307093,-0.15525908894834697,-0.13106509261460028,-0.5197882718191006
-0.801878629819439,0.22195409041455194,-0.15525908894834697,-0.7892030045037144,-0.5506451878248844
-0.5657775217778296,0.9156596045112966,-0.637596248215038,-1.1660400346982873,-0.530678948056436
-0.2604070803851698,-1.1472015295132332,-0.15525908894834697,1.222363677802529,0.129417039439839
-0.7638292776970308,-1.1472015295132332,-0.8787648278483835,0.6119938401634315,-1.2210268139897538
-1.1794452778033346,0.860893379714185,-0.15525908894834697,-0.024913816503452882,0.15361854218947318
0.1981363939105176,0.587062255728628,-0.15525908894834697,-0.3009071343924355,0.7610762612052935
-0.5657775217778296,0.9156596045112966,0.8094152295850351,-1.1660400346982873,0.1481732040708057
0.7035098400491689,-1.1472015295132332,1.9808054735184275,0.6119938401634315,0.2824915443312759
-0.801878629819439,0.22195409041455194,0.8094152295850351,-0.7892030045037144,-0.05209423118241809
-0.5726068926715953,1.0251920541055193,2.325332015851778,-2.105478828281941,1.737001859584296
-0.63309560630209,-1.1472015295132332,-1.0165754447817237,1.222363677802529,-1.694771230313845
-0.6048024983136328,0.6053176639943317,2.325332015851778,-1.3199593850594513,1.3195259371531047
-0.7160236814406719,-1.1472015295132332,-1.0165754447817237,1.222363677802529,-1.528385898910109
-1.072126592329876,0.2949757234773672,-0.637596248215038,-0.874124025392632,-0.11622821346894907
-0.547240657923323,-1.1472015295132332,-0.15525908894834697,0.2776173204133166,-0.5488300751186617
0.13179393379965207,0.5688068474629242,-0.15525908894834697,-0.6565139093647802,-0.0049013008206311775
0.8010722813886769,0.8426379714484813,-0.8787648278483835,-1.404880405948369,0.22924823828208032
1.0059534082016437,-1.1472015295132332,-0.8787648278483835,2.5227168101640847,-0.12106851401887582
-0.7501705359094997,-1.1472015295132332,1.9808054735184275,0.6119938401634315,0.509985670177838
-0.10625842306874712,-1.1472015295132332,1.9808054735184275,2.5227168101640847,0.738689871161882
0.17667265681582595,-1.1472015295132332,-0.8787648278483835,0.2404643737744156,-1.2113462128899
-0.730658047641598,-0.8368595889962686,-1.0165754447817237,1.3550527729414632,-1.5108398094166242
0.0693539713423672,-0.14315407489952411,-1.0165754447817237,-0.07798945455902657,-1.29605147251362
0.5952155301623149,0.587062255728628,-0.8787648278483835,-0.2955995705868784,0.01688005165403964
-0.3638232682050482,-1.1472015295132332,-0.15525908894834697,0.2776173204133166,0.27946635648757134
-1.316032695678646,0.860893379714185,-0.15525908894834697,-0.3433676448368951,0.5922707795265945
-0.8477329772490076,-1.1472015295132332,-0.15525908894834697,2.5227168101640847,0.3653816912487731
1.4352281500954787,0.47752980613440527,0.8094152295850351,-0.6618214731703372,2.392257546530644
-1.5053038318772913,-1.1472015295132332,1.9808054735184275,1.222363677802529,-0.09868212397546426
2.176702704275739,-1.1472015295132332,1.9808054735184275,1.036598944608021,0.7501855849679582
-0.6321199818886951,-0.10664325836811647,-1.0165754447817237,-0.008991125086780169,-1.3523199664065197
-1.0057841322190104,0.6235730722600354,-1.0165754447817237,-0.4335962295313697,-1.1496323808783326
0.11813519201212118,-1.1472015295132332,-0.8787648278483835,0.6119938401634315,-1.2234469642647172
-1.12090781299963,2.3213260409704892,-0.15525908894834697,-0.07798945455902657,-0.0641949825572354
-0.04186721178467165,0.7878717466513697,-0.15525908894834697,0.9676006151357747,-0.15555565543710467
-0.828220488981106,-1.1472015295132332,-0.8787648278483835,0.6119938401634315,-0.8071811169710076
-0.6457787236762262,-1.1472015295132332,-0.8787648278483835,0.2776173204133166,-0.7866098396338185
0.4400912484324974,0.678339297057147,-0.15525908894834697,0.8242963923857263,-0.2202946752923764
1.4449843942294294,1.864940834327894,-0.15525908894834697,-1.4314182249761558,1.5409696873122583
1.074247117139299,1.4633218524824105,-1.0165754447817237,-1.245653491781648,-0.7303413457409188
0.040085238940514814,-1.1472015295132332,-0.15525908894834697,0.2404643737744156,-0.7490975103718853
-1.306276451544695,0.3862527648058862,-0.15525908894834697,0.5429955106911851,-0.3080251227598006
0.10837894787817039,-1.1472015295132332,-0.15525908894834697,0.6119938401634315,0.24074395208815647
0.18642890094977674,-1.1472015295132332,1.9808054735184275,0.6119938401634315,-0.32859640009698976
-1.0682240946762955,0.2767203152116633,-0.637596248215038,-0.26375418775353454,-0.18217730846170246
0.11813519201212118,-0.14315407489952411,-0.15525908894834697,0.7659131905245955,0.691496940800095
-1.0087110054591957,0.03940000775751392,0.8094152295850351,-0.8316635149481725,1.1464851924932198
0.20594138921767835,-0.05187703357100509,-0.15525908894834697,0.2935400118299893,0.47307837848464573
-0.7160236814406719,-1.1472015295132332,1.9808054735184275,1.222363677802529,1.0309230168637158
0.18642890094977674,-1.1472015295132332,-0.15525908894834697,0.2935400118299893,-0.5833172165368906
-0.24284584094405826,-1.1472015295132332,-0.8787648278483835,0.2935400118299893,-1.4128237232806056
-0.26235832921195984,-0.14315407489952411,-0.637596248215038,0.3678459051077928,-0.5990481933241527
-1.169689033669384,-1.1472015295132332,-0.15525908894834697,0.6119938401634315,-0.07024535824464406
-0.5726068926715953,1.0251920541055193,-0.637596248215038,-2.105478828281941,0.0689132825657533
1.649865521042396,0.9704258293084078,0.8094152295850351,-0.9802753015037794,1.588162617674045
1.649865521042396,0.9704258293084078,-1.0165754447817237,-0.9802753015037794,-0.5929978176367443
0.0010602624047116288,0.13067704908603292,-0.15525908894834697,0.5589182021078578,0.5293468723775454
-1.1501765454014823,1.591109710342337,-0.15525908894834697,-0.2902920067813214,-0.43205782435167633
1.074247117139299,1.3903002194195955,-1.0165754447817237,-1.245653491781648,-0.5633509767684421
1.0196121499891744,-1.1472015295132332,-0.8787648278483835,0.2776173204133166,-1.2270771896771624
0.3230163188250879,-1.1472015295132332,1.9808054735184275,0.6119938401634315,0.056812531190935996
-0.6155343668609785,0.07591082428892156,-0.15525908894834697,0.0653147681910218,0.327264324418099
-1.0916390805977776,1.043447462371223,-0.15525908894834697,0.08123745960769452,-1.0159190781866032
0.09179333285045414,0.8974041962455925,-0.15525908894834697,-1.898483839865205,1.9893025257492334
1.0010752861346681,1.7554083847336717,0.8094152295850351,-1.4101879697539261,1.2148544377609363
-1.0087110054591957,0.03940000775751392,-0.15525908894834697,-0.8316635149481725,0.20444169796370537
2.371827586954755,-0.1979202996966355,-0.15525908894834697,-0.2902920067813214,0.980099861089484
-0.21357710854220588,-0.05187703357100509,-0.15525908894834697,0.45276692599671037,-0.06177483228227203
-1.169689033669384,-1.1472015295132332,-0.8787648278483835,0.6119938401634315,-1.0848933610230609
-0.24284584094405826,-1.1472015295132332,-0.15525908894834697,0.2404643737744156,-0.915482841775621
0.8361947602709,0.9704258293084078,2.0152581277517627,-0.8263559511426154,2.691146105488627
-0.9316366768009844,0.24020949868025568,2.325332015851778,-0.5769004522814196,0.6382536347508995
-1.0809072120504317,-0.32570815755656213,-0.15525908894834697,-0.21067854969796082,-0.8035508915585625
0.483994347035276,0.8243825631827776,-0.15525908894834697,0.9835233065524474,0.23045831341956222
-0.6184612401011639,0.9886812375741115,-0.637596248215038,-1.373035023115025,-0.06782520796968025
0.8361947602709,0.9704258293084078,-0.15525908894834697,-0.8263559511426154,2.2071160504959417
0.10837894787817039,-1.1472015295132332,-1.0165754447817237,0.6119938401634315,-1.132086291384848
-0.6165099912743739,0.1124216408203292,-0.637596248215038,0.0653147681910218,-0.26809264322290405
0.400090647483299,-0.10664325836811647,-0.15525908894834697,1.5514326337470854,0.3169786857495047
-1.222372751992718,0.2949757234773672,-0.15525908894834697,0.2086189909410717,-1.3698660559000047
-0.2935783104406023,1.043447462371223,-1.0165754447817237,-1.9727897331430069,-0.6837534529478728
0.2644788540213831,-1.1472015295132332,1.9808054735184275,2.5227168101640847,0.8693779860099069
-0.8448061040088223,0.6600838887914433,-1.0165754447817237,-0.7361273664481407,-1.3474796658565928
0.1981363939105176,0.587062255728628,-1.0165754447817237,-0.3009071343924355,-0.7811645015151508
1.649865521042396,0.9704258293084078,-0.8787648278483835,-0.9802753015037794,0.2709958305251993
0.09179333285045414,0.8974041962455925,-1.0165754447817237,-1.898483839865205,-0.6305101468986775
2.176702704275739,-1.1472015295132332,-1.0854807532483939,1.036598944608021,-1.3420343277379252
0.5278974456380546,-1.1472015295132332,3.0143851005184796,0.6119938401634315,0.2758361310751265
-0.801878629819439,0.22195409041455194,-1.0165754447817237,-0.7892030045037144,-1.3535300415440015
-0.926758554734009,-1.1472015295132332,-0.15525908894834697,0.2776173204133166,-0.41632684756441396
1.649865521042396,0.9704258293084078,-1.0165754447817237,-0.9802753015037794,-0.6940390916164673
-0.801878629819439,0.22195409041455194,-0.637596248215038,-0.7892030045037144,-0.5948129303429669
0.028377745979773966,0.587062255728628,-0.15525908894834697,-0.4282886657258127,1.089611661031579
-1.5696950431613665,-1.1472015295132332,-0.15525908894834697,0.6119938401634315,-0.754542848490553
-0.2935783104406023,1.043447462371223,-0.15525908894834697,-1.9727897331430069,1.0696454212631308
0.17667265681582595,-1.1472015295132332,-0.15525908894834697,0.2404643737744156,-0.5833172165368906
-1.0809072120504317,-0.32570815755656213,-1.0165754447817237,-0.21067854969796082,-1.4557813906612065
-1.218470254339138,2.138771958313451,-0.15525908894834697,-0.6618214731703372,0.09250974774664676
0.0010602624047116288,-1.1472015295132332,1.9808054735184275,0.5589182021078578,-0.21605941231119039
0.6078986475364511,-1.1472015295132332,-0.15525908894834697,0.2776173204133166,-0.17673197034303476
-1.1911527707640754,0.5140406226658127,-0.15525908894834697,0.6809921696356779,-1.3529250039752605
-0.2486995874244287,0.02114459949181018,2.325332015851778,0.4262291069689235,0.5680692767769603
1.649865521042396,0.9704258293084078,-0.8787648278483835,-0.9802753015037794,0.19355102172636998
-1.2770077191428426,-0.5995392815421192,-0.15525908894834697,1.1427502207191684,-0.10654761236909513
-0.7638292776970308,-1.1472015295132332,-1.0165754447817237,0.6119938401634315,-1.5544025143659659
0.5278974456380546,-1.1472015295132332,-1.0165754447817237,0.6119938401634315,-1.2887910216887297
0.5474099339059562,-1.1472015295132332,-0.8787648278483835,0.6119938401634315,-0.6910139037727632
-0.26235832921195984,-0.17966489143093176,2.325332015851778,0.6013787125523173,0.38353281831099867
1.9327966009269693,0.47752980613440527,-0.8787648278483835,0.033469385357677885,1.2572070675727964
1.649865521042396,0.9704258293084078,-0.8787648278483835,-0.9802753015037794,1.0399985803948286
0.1981363939105176,0.587062255728628,0.8094152295850351,-0.3009071343924355,1.0369733925511244
-0.7638292776970308,-1.1472015295132332,1.9808054735184275,0.6119938401634315,0.1965762095700741
0.27716197139551924,-1.1472015295132332,-0.15525908894834697,1.222363677802529,0.5178511585714692
-0.2486995874244287,-0.08838785010241273,-0.15525908894834697,0.6597619144134481,-0.09384182342553708
-0.925782930320614,0.3497419482744784,2.325332015851778,-0.5450550694480757,0.8379160324353826
-0.24479708977084833,1.1164690954340384,-1.0165754447817237,-1.8241779465874015,-0.835012845133087
-0.3784576344059744,0.13067704908603292,-0.637596248215038,0.3306929584688903,-0.5524603005311067
0.5425318118389808,-1.1472015295132332,1.9808054735184275,2.5227168101640847,0.17539989466414402
0.35521192446712563,0.31323113174307093,-0.15525908894834697,-0.10452727358681342,0.11973643833998507
-1.3004227050643247,2.120516550047747,-0.15525908894834697,-1.1713475985038444,-1.173833883627967
1.649865521042396,0.9704258293084078,-1.0165754447817237,-0.9802753015037794,0.0326110284413018
-1.3394476816001277,-1.1472015295132332,-1.0165754447817237,0.6119938401634315,-1.6191415342212376
-0.5316306673090018,-0.32570815755656213,-0.637596248215038,0.4686896174133831,-0.6274849590549731
-0.9648079068564172,-0.49000683194789635,-1.0165754447817237,-0.03022138030900995,-0.8525589346265718
1.9327966009269693,-1.1472015295132332,-0.15525908894834697,2.5227168101640847,0.27039079295645857
0.35521192446712563,0.31323113174307093,-0.15525908894834697,-0.10452727358681342,0.36961695422995916
1.4693750045643064,-1.1472015295132332,1.9808054735184275,2.5227168101640847,0.4065242459231514
1.4449843942294294,1.864940834327894,-0.8787648278483835,-1.4314182249761558,0.8699830235786481
-0.801878629819439,0.22195409041455194,-1.0165754447817237,-0.5450550694480757,-1.3698660559000047
-0.3784576344059744,0.13067704908603292,-1.0165754447817237,0.3306929584688903,-0.9009619401258405
-0.1462590240179456,-0.23443111622804313,-0.15525908894834697,0.7924510095523823,-0.06661513283219878
-0.63309560630209,0.2767203152116633,-0.637596248215038,-1.1395022156705006,-0.21000903662378173
-1.0916390805977776,-1.1472015295132332,-1.0165754447817237,-0.8847391530037462,-1.2355477156395345
-0.925782930320614,0.3497419482744784,-0.15525908894834697,-0.5450550694480757,-0.2148493371737087
-0.3794332588193694,-1.1472015295132332,-0.15525908894834697,0.2935400118299893,-1.0455659190549054
-1.1404203012675316,1.043447462371223,-0.15525908894834697,-0.6618214731703372,0.2800713940563125
-1.259446479701731,-0.7455825476677496,-0.15525908894834697,-0.491979431392502,-0.47804067957598134
-0.398945747087271,-1.1472015295132332,-0.15525908894834697,0.6119938401634315,-0.11743828860643053
-1.6448181229927874,-1.1472015295132332,-0.15525908894834697,1.222363677802529,-0.8610294605889439
1.218639530321771,0.9339150127770003,-0.8787648278483835,-1.755179617115155,1.166451432261668
2.1776783286891344,-0.5995392815421192,-0.15525908894834697,1.036598944608021,0.5632289762270335
-1.2116408834453725,0.31323113174307093,-0.15525908894834697,-0.1257575288090432,-0.9566253964499992
-0.6184612401011639,0.9886812375741115,-0.15525908894834697,-1.373035023115025,0.6727407761691284
2.0303590422664772,-1.1472015295132332,-0.15525908894834697,-1.8294855103929586,2.2488636427390607
0.43033500429854665,-0.23443111622804313,-0.15525908894834697,0.5058425640522841,1.3546181161400743
0.22545387748557993,-1.1472015295132332,-0.8787648278483835,0.1873887357188419,-1.1641532825281133
-1.2984714562375343,0.22195409041455194,-0.15525908894834697,-0.1257575288090432,-0.5246285723690275
-0.2486995874244287,0.02114459949181018,-1.0165754447817237,0.4262291069689235,-1.3129925244383642
0.3230163188250879,2.868988288941603,-0.15525908894834697,-0.6618214731703372,-0.06843024553842142
-0.4204094841819626,-0.3074527492908584,-0.15525908894834697,0.9251401046913166,-0.7248960076222511
-0.9648079068564172,-0.49000683194789635,-0.15525908894834697,-0.03022138030900995,0.2625253045628273
1.132784581943004,-1.1472015295132332,-1.0165754447817237,0.6119938401634315,-0.945129682643923
-1.2204215031659278,2.1935381831105625,-0.15525908894834697,-0.6883592921981241,0.09250974774664676
0.8010722813886769,0.8426379714484813,-1.0165754447817237,-1.404880405948369,-0.5869474419493357
0.605947398709661,-1.1472015295132332,-0.637596248215038,0.8773720304413,-0.4707802287510912
-0.23991896770387292,1.4450664442167065,-1.0165754447817237,-1.8135628189762858,-0.7890299899087818
0.35521192446712563,0.4227635813372937,2.0152581277517627,-0.26375418775353454,1.9227483931877387
-0.24479708977084833,1.1164690954340384,-0.15525908894834697,-1.8241779465874015,-0.05330430631989999
1.0196121499891744,-1.1472015295132332,-0.15525908894834697,0.2776173204133166,-0.7460723225281812
-0.6155343668609785,0.07591082428892156,0.8094152295850351,0.0653147681910218,0.7447402468492906
-1.207738385791792,0.31323113174307093,-0.15525908894834697,-0.10452727358681342,-0.560325788924738
0.5278974456380546,-1.1472015295132332,1.9808054735184275,0.6119938401634315,0.14575305379584189
-1.0809072120504317,-0.32570815755656213,-0.637596248215038,-0.21067854969796082,-0.5651660894746648
-0.01747660144979466,0.6600838887914433,-1.0165754447817237,-1.1129643966427136,-0.6668124010231288
-0.26235832921195984,-1.1472015295132332,-0.15525908894834697,0.08123745960769452,-0.8440884086641999
0.9669284316658404,-1.1472015295132332,2.325332015851778,1.8115032602193968,0.49848995637176186
2.566952469633771,-1.1472015295132332,-0.15525908894834697,-0.3964432828924688,1.96570606056834
1.132784581943004,-1.1472015295132332,-0.15525908894834697,0.6119938401634315,0.28793688244994337
0.11813519201212118,-0.05187703357100509,-0.15525908894834697,0.7712207543301526,0.6908919032313543
-1.6448181229927874,-1.1472015295132332,1.9808054735184275,1.222363677802529,-0.33827700119684345
0.13179393379965207,0.5688068474629242,-1.0165754447817237,-0.6565139093647802,-0.7454672849594403
0.7132660841831198,-1.1472015295132332,-0.15525908894834697,1.1958258587747421,-0.45262910168886544
0.9474159433979388,0.6965947053228507,-0.8787648278483835,-0.5503626332536328,0.688471752956391
-0.2486995874244287,0.02114459949181018,-0.15525908894834697,0.4262291069689235,-0.13074911511872975
0.18642890094977674,0.860893379714185,-0.15525908894834697,2.1511873437750686,-0.20577377364259572
0.9571721875318896,-1.1472015295132332,-0.15525908894834697,0.2935400118299893,0.20504673553244612
-1.0916390805977776,0.3314865400087747,-0.15525908894834697,-0.2849844429757643,0.6999674667624671
-0.4604100851311611,-0.033621625305301356,-0.637596248215038,0.7818358819412667,-0.7563579611967757
-0.4604100851311611,-0.033621625305301356,2.325332015851778,0.7818358819412667,0.3653816912487731
0.22545387748557993,0.678339297057147,-0.15525908894834697,1.6735066012749054,-0.6643922507481654
-1.072126592329876,0.13067704908603292,-0.15525908894834697,0.2404643737744156,-0.6613670629044611
0.040085238940514814,-1.1472015295132332,-0.8787648278483835,0.2935400118299893,-1.2294973399521258
-0.3784576344059744,-1.1472015295132332,-0.15525908894834697,0.2776173204133166,-1.043145768779942
-0.6165099912743739,0.1124216408203292,0.8094152295850351,0.0653147681910218,0.9649739218709626
0.12984268497286203,-1.1472015295132332,-0.15525908894834697,0.2776173204133166,-0.10775768750657704
0.7132660841831198,-1.1472015295132332,-0.15525908894834697,0.2935400118299893,-0.032127991413969915
-0.26235832921195984,-0.17966489143093176,-0.637596248215038,0.6013787125523173,-0.6147791701114151
-1.3394476816001277,-1.1472015295132332,1.9808054735184275,0.6119938401634315,0.2746260559376446
-0.26235832921195984,-0.14315407489952411,-0.15525908894834697,0.3678459051077928,-0.3388820387655844
1.649865521042396,0.7331055218542586,-0.15525908894834697,-0.9802753015037794,1.123493764881067
1.0898571077536205,1.0617028706369267,0.8094152295850351,-1.1978854175316314,1.2330055648231621
0.3230163188250879,-1.1472015295132332,-1.0165754447817237,0.6119938401634315,-1.5096297342791427
0.10837894787817039,-1.1472015295132332,1.9808054735184275,0.6119938401634315,0.9504530202211819
-1.0087110054591957,0.03940000775751392,-1.0165754447817237,-0.8316635149481725,-0.7103751059724707
1.074247117139299,0.9704258293084078,0.8094152295850351,-1.245653491781648,1.6117590828549386
-0.37748200999257936,-1.1472015295132332,-0.8787648278483835,0.2776173204133166,-1.157497869271964
2.225483924945493,-1.1472015295132332,-0.15525908894834697,0.7712207543301526,1.7666487004525977
2.176702704275739,-1.1472015295132332,-1.0165754447817237,1.036598944608021,-0.5300739104876953
-1.0916390805977776,0.3314865400087747,-1.0165754447817237,-0.2849844429757643,-0.9318188561316241
0.35521192446712563,0.4227635813372937,-0.15525908894834697,-0.26375418775353454,1.511322846443956
0.9669284316658404,-1.1472015295132332,0.8094152295850351,1.8115032602193968,0.08948455990294221
-1.208714010205187,-1.1472015295132332,-0.8787648278483835,0.6119938401634315,-1.6003853695902712
0.6078986475364511,-1.1472015295132332,-0.8787648278483835,0.2776173204133166,-0.8253322440332334
-0.2604070803851698,-1.1472015295132332,-1.0165754447817237,1.222363677802529,-1.5181002602415146
1.4449843942294294,1.864940834327894,-1.0165754447817237,-1.4314182249761558,-0.08597633503190621
-1.257495230874941,-0.7820933641991572,-0.15525908894834697,-0.5025945590036162,-0.47804067957598134
-1.2965202074107443,0.13067704908603292,-0.15525908894834697,-0.13106509261460028,-0.5252336099377682
-0.26235832921195984,-0.17966489143093176,0.8094152295850351,0.6013787125523173,0.29156710786238865
-0.5316306673090018,-0.32570815755656213,-0.15525908894834697,0.4686896174133831,-0.6008633060303754
-1.0057841322190104,0.6235730722600354,-0.15525908894834697,-0.4335962295313697,0.18084523278281192
-0.2486995874244287,-0.08838785010241273,-1.0165754447817237,0.6597619144134481,-1.3819668072748217
0.9571721875318896,3.124564004661456,-1.0165754447817237,-2.8591528886710886,-0.3521928652778832
2.566952469633771,-1.1472015295132332,1.9808054735184275,-0.3964432828924688,2.107889889222441
-0.5316306673090018,-0.32570815755656213,0.8094152295850351,0.4686896174133831,-0.3249661746845447
-0.9072460664661074,-1.1472015295132332,1.9808054735184275,1.222363677802529,-0.13861460351236063
-0.1647958878724519,0.678339297057147,-0.15525908894834697,-0.5025945590036162,0.9044701649968769
1.4352281500954787,0.40450817307159,-1.0165754447817237,-0.13106509261460028,-0.17007655708688538
-1.1892015219372853,0.495785214400109,-0.15525908894834697,0.6650694782190052,-1.0007931389680818
1.4449843942294294,1.864940834327894,2.0152581277517627,-1.4314182249761558,1.8380431335640193
0.09179333285045414,0.8974041962455925,2.0152581277517627,-1.898483839865205,2.539886713303413
0.351309426813545,0.6053176639943317,-0.15525908894834697,-0.15229534783683005,1.0666202334194266
2.4498775400263613,0.1124216408203292,-0.15525908894834697,0.2404643737744156,1.3316266885279215
0.8010722813886769,0.8426379714484813,-0.15525908894834697,-1.404880405948369,1.49256668181299
-1.1423715500943215,1.0799582789026305,-0.15525908894834697,-0.6405912179481075,0.28067643162505324
0.4400912484324974,0.31323113174307093,-0.15525908894834697,0.2935400118299893,1.0648051207132039
0.4693599808343498,-1.1472015295132332,-0.8787648278483835,0.1873887357188419,-1.0455659190549054
0.1835020277095914,0.47752980613440527,-0.637596248215038,-0.4760567399758293,0.024745540047670503
1.0254658964695451,-1.1472015295132332,-0.15525908894834697,0.2935400118299893,0.15724876760191847
-0.4574832118909758,-0.3074527492908584,-1.0165754447817237,0.7977585733579394,-1.4999491331792887
0.003011511231501677,0.8974041962455925,-0.15525908894834697,-1.0492736309760258,1.7134053944034024
-0.20869898647523047,-1.1472015295132332,-0.8787648278483835,0.2776173204133166,-1.063717046117131
0.40106627189669425,-0.05187703357100509,-0.15525908894834697,1.567355325163758,0.3169786857495047
0.20399014039088828,-0.05187703357100509,-0.15525908894834697,1.1055972740802675,1.1313592532746983
0.4566768634602137,0.7331055218542586,-0.8787648278483835,0.17677360810772777,0.9062852777030991
1.69864674171215,0.9156596045112966,-0.15525908894834697,-0.8210483873370583,2.6608942270515845
-1.4135951370181536,-0.23443111622804313,-0.15525908894834697,-0.07798945455902657,-0.09202671071931487
1.132784581943004,-1.1472015295132332,-0.15525908894834697,0.6119938401634315,0.28914695758742526
2.566952469633771,-1.1472015295132332,-0.8787648278483835,-0.3964432828924688,1.0763008345192802
-1.2526171088079656,-0.033621625305301356,-0.15525908894834697,0.6491467868023325,-0.6728627767105374
-0.925782930320614,0.3497419482744784,-1.0165754447817237,-0.5450550694480757,-1.663914314308061
-0.24479708977084833,1.1164690954340384,0.8094152295850351,-1.8241779465874015,0.5638340137957742
-0.21357710854220588,-1.1472015295132332,1.9808054735184275,0.6119938401634315,-0.7841896893588551
-0.008695981729239168,0.495785214400109,-0.15525908894834697,-0.024913816503452882,0.5723045397581463
0.35228505122694026,0.678339297057147,-0.15525908894834697,-0.13106509261460028,1.0660151958506854
0.8361947602709,0.9704258293084078,-1.0165754447817237,-0.8263559511426154,0.02898080302885652
-1.6448181229927874,-1.1472015295132332,-1.0165754447817237,1.222363677802529,-1.9658280611097487
0.7718035489868245,0.495785214400109,-0.15525908894834697,-1.086426577614927,1.4629198409446877
1.4449843942294294,1.864940834327894,2.0152581277517627,-1.4314182249761558,1.8380431335640193
-1.218470254339138,0.31323113174307093,-0.15525908894834697,0.1873887357188419,-1.3698660559000047
1.0547346288713975,-1.1472015295132332,-0.637596248215038,0.2935400118299893,-0.41753692270189563
-1.5696950431613665,-1.1472015295132332,-0.8787648278483835,0.6119938401634315,-1.4963189077668437
0.5278974456380546,-1.1472015295132332,1.9808054735184275,0.6119938401634315,0.18689560847022016
-0.6165099912743739,0.7148501135885544,-0.15525908894834697,-1.3624198955039095,0.32242402386817226
0.0693539713423672,0.13067704908603292,-0.15525908894834697,-0.6618214731703372,0.36961695422995916
-0.63309560630209,0.2767203152116633,-1.0165754447817237,-1.1395022156705006,-0.9257684804442157
-1.256519606461546,1.791919201265079,-0.15525908894834697,-1.1872702899205172,-1.0201543411677891
1.4449843942294294,1.864940834327894,-1.0165754447817237,-1.4314182249761558,-0.08597633503190621
-0.6048024983136328,0.6053176639943317,-1.0165754447817237,-1.3199593850594513,-1.0165241157553442
1.171809558478807,-1.1472015295132332,-0.15525908894834697,0.2935400118299893,0.1282069643023571
1.0898571077536205,1.0617028706369267,2.0152581277517627,-1.1978854175316314,1.3782145813209679
-0.3843113808863448,-1.1472015295132332,-0.8787648278483835,2.5227168101640847,-0.5179731591128779
-1.208714010205187,-1.1472015295132332,-1.0165754447817237,0.6119938401634315,-1.8175938567682386
0.35228505122694026,0.31323113174307093,-0.15525908894834697,-0.13106509261460028,0.3768774050548493
1.4449843942294294,2.248304407907674,0.8094152295850351,-1.5428770648928603,1.8198920065017936
1.1025402251277563,2.868988288941603,0.8094152295850351,-1.8347930741985157,2.6971964811760363
-1.2379827426070393,1.0251920541055193,-0.15525908894834697,-0.3539827724480092,0.15785380517065922
1.4449843942294294,1.864940834327894,2.0152581277517627,-1.4314182249761558,1.8380431335640193
0.4566768634602137,0.7331055218542586,-1.0165754447817237,0.17677360810772777,-0.3945454950897431
-0.8448061040088223,0.6600838887914433,2.325332015851778,-0.9855828653093365,0.3369449255179529
-1.1521277942282724,-1.1472015295132332,-0.8787648278483835,0.2776173204133166,-1.5247556734976642
0.9669284316658404,-1.1472015295132332,-0.15525908894834697,1.8115032602193968,-0.17249670736184874
-1.0916390805977776,-1.1472015295132332,0.8094152295850351,-0.8847391530037462,0.10521553669020481
-0.24479708977084833,1.1164690954340384,-0.637596248215038,-1.8241779465874015,-0.0883964853068696
-0.4204094841819626,-0.3074527492908584,0.8094152295850351,0.9251401046913166,-0.433267899489158
1.4449843942294294,1.864940834327894,-1.0165754447817237,-1.4314182249761558,-0.08597633503190621
2.088896507070182,-0.43524060715078494,0.8094152295850351,1.567355325163758,1.4986170575003985
0.408871267203855,1.4633218524824105,-0.15525908894834697,-1.3146518212538942,1.2511566918853878
-0.7160236814406719,-1.1472015295132332,-0.15525908894834697,1.222363677802529,0.4149947718855234
-0.2486995874244287,-0.08838785010241273,2.325332015851778,0.6597619144134481,0.32242402386817226
0.605947398709661,-1.1472015295132332,-0.15525908894834697,0.8773720304413,-0.16826144438066273
-1.1404203012675316,0.02114459949181018,-0.15525908894834697,0.08123745960769452,0.27704620621260795
-0.7501705359094997,-1.1472015295132332,-0.8787648278483835,-0.024913816503452882,-1.6324523607335366
-0.2486995874244287,-0.08838785010241273,2.325332015851778,0.4262291069689235,0.5299519099462862
-1.3365208083599425,0.2036986821488482,-0.15525908894834697,1.0525216360246938,0.09795508586531425
-0.4574832118909758,-0.3074527492908584,-0.15525908894834697,0.7977585733579394,-0.6256698463487506
1.0547346288713975,2.503880123627527,-0.15525908894834697,-1.1925778537260743,1.2541818797290918
1.4352281500954787,0.47752980613440527,-0.8787648278483835,-0.6618214731703372,0.3308945498305443
0.2235026286587899,0.6600838887914433,-0.15525908894834697,1.6469687822471186,-0.6643922507481654
-1.072126592329876,0.2949757234773672,0.8094152295850351,-0.874124025392632,1.127729027862253
0.408871267203855,1.4633218524824105,0.8094152295850351,-1.3146518212538942,1.8924965147506958
-1.159932789535433,0.860893379714185,-0.15525908894834697,2.098111705719495,-1.5900997309216767
-0.8409036063552422,0.2767203152116633,0.8094152295850351,-0.9749677376982223,0.031400953303820325
0.605947398709661,-1.1472015295132332,-0.8787648278483835,0.2404643737744156,-0.8265423191707151
-0.2935783104406023,1.043447462371223,0.8094152295850351,-1.9727897331430069,1.5427848000184807
-0.6272418598217196,0.7513609301199623,-1.0165754447817237,-1.1182719604482707,-1.3002867354948062
-0.8409036063552422,0.2767203152116633,-0.15525908894834697,-0.9749677376982223,-0.5095026331505061
0.2937475864232355,-1.1472015295132332,-1.0165754447817237,0.6650694782190052,-1.3480847034253338
1.171809558478807,-1.1472015295132332,-0.8787648278483835,0.2776173204133166,-0.5669812021808874
-1.4135951370181536,-0.14315407489952411,-0.15525908894834697,-0.08329701836458364,-0.0914216731505737
1.0547346288713975,-1.1472015295132332,-1.0854807532483939,0.2935400118299893,-1.727443259025851
-0.24187021653066323,0.3679973565401825,-0.15525908894834697,0.7075299886634647,-0.08597633503190621
-1.0194428740065415,-0.3987297906193774,0.8094152295850351,-1.2562686193927621,0.06225786930960391
-1.306276451544695,0.31323113174307093,-0.15525908894834697,0.5589182021078578,-0.30863016032854157
2.088896507070182,-0.43524060715078494,-0.8787648278483835,1.567355325163758,-0.0805309969132383
-0.24284584094405826,0.31323113174307093,-0.15525908894834697,0.7181451162745789,-0.08597633503190621
-0.37748200999257936,-1.1472015295132332,-0.15525908894834697,0.2776173204133166,-0.4786457171447223
1.9815778215967232,-1.1472015295132332,-1.0165754447817237,0.6119938401634315,-0.6311151844674182
-1.0682240946762955,0.2767203152116633,-1.0165754447817237,-0.26375418775353454,-1.2028756869275283
-0.6282174842351147,0.44101898960299746,2.325332015851778,-1.1235795242538278,0.4900194304093898
-1.3745701604823506,0.678339297057147,-0.15525908894834697,-0.44951892094804247,-0.3479576022966972
-1.074077841156666,-1.1472015295132332,-0.15525908894834697,1.222363677802529,-0.05269926875115882
1.171809558478807,-1.1472015295132332,-0.15525908894834697,0.2776173204133166,-0.10533753723161365
-1.7062824610366776,-1.1472015295132332,-0.15525908894834697,0.6119938401634315,-1.0612968958421676
0.1835020277095914,0.47752980613440527,-0.15525908894834697,-0.4760567399758293,0.3097182349246142
-0.8409036063552422,0.2767203152116633,-0.637596248215038,-0.9749677376982223,-0.8325926948581237
-0.2486995874244287,-0.08838785010241273,0.8094152295850351,0.6597619144134481,0.2691807178189771
1.0898571077536205,1.0617028706369267,-0.8787648278483835,-1.1978854175316314,0.004779300279222328
0.5474099339059562,2.120516550047747,-0.15525908894834697,-0.7148971112259109,0.7538158103804035
1.4352281500954787,0.47752980613440527,-0.15525908894834697,-0.6618214731703372,2.25551905599521
0.605947398709661,-1.1472015295132332,-0.15525908894834697,0.2404643737744156,-0.18036219575547982
1.074247117139299,0.9704258293084078,-0.15525908894834697,-1.245653491781648,0.7175135562559519
0.557166178039907,1.6458759351394485,-0.15525908894834697,0.45276692599671037,0.5753297276018504
0.7620473048528738,1.244256953293965,-0.15525908894834697,-1.8825611484485323,0.5571786005396249
-1.2828614656232131,0.2767203152116633,-0.15525908894834697,1.1268275293024959,-1.4690922171735052
-0.6155343668609785,0.07591082428892156,2.325332015851778,0.0653147681910218,0.9165709163716937
-0.03796471413109155,0.495785214400109,-0.15525908894834697,1.567355325163758,0.14212282838339704
2.332802610418952,0.3679973565401825,-0.15525908894834697,-0.9802753015037794,0.39623860725455673
0.7035098400491689,-1.1472015295132332,-0.15525908894834697,0.6119938401634315,-0.07327054608834817
-1.1794452778033346,0.13067704908603292,-0.15525908894834697,2.1511873437750686,-0.32738632495950803
-0.9648079068564172,-0.49000683194789635,-0.637596248215038,-0.03022138030900995,-0.03515317925767403
-1.0994440759049382,1.1529799119654458,-0.15525908894834697,0.03877694916323495,-1.1938001233964153
-0.23991896770387292,1.4450664442167065,0.8094152295850351,-1.8135628189762858,1.271122931653836
-0.24479708977084833,1.1164690954340384,2.325332015851778,-1.8241779465874015,0.6382536347508995
2.420608807624509,-1.1472015295132332,-0.8787648278483835,0.45276692599671037,0.459767551972347
1.649865521042396,0.9704258293084078,-0.15525908894834697,-0.9802753015037794,0.5807750657205184
0.5278974456380546,-1.1472015295132332,-0.8787648278483835,0.6119938401634315,-1.0516162947423138
0.7035098400491689,-1.1472015295132332,-1.0165754447817237,0.6119938401634315,-1.1962202736713787
0.5278974456380546,-1.1472015295132332,-1.0165754447817237,0.6119938401634315,-1.2887910216887297
0.5952155301623149,0.587062255728628,-0.15525908894834697,-0.2955995705868784,0.9123356533905078
-0.6165099912743739,0.7148501135885544,0.8094152295850351,-1.3624198955039095,0.7150934059809885
-0.26235832921195984,-0.14315407489952411,-1.0165754447817237,0.3678459051077928,-1.270639894626504
0.27716197139551924,-1.1472015295132332,1.9808054735184275,1.222363677802529,1.1967033106987108
0.1835020277095914,0.47752980613440527,2.325332015851778,-0.4760567399758293,1.041813693101051
-0.5726068926715953,1.0251920541055193,0.8094152295850351,-2.105478828281941,1.643826073998204
-1.1384690524407415,0.9156596045112966,-0.15525908894834697,1.2064409863858563,0.029585840597597685
-0.6321199818886951,-0.10664325836811647,0.8094152295850351,-0.008991125086780169,-0.0375733295326374
-0.6184612401011639,0.9886812375741115,0.8094152295850351,-1.1288870880593864,0.9946207627392643
0.7708279245734292,0.860893379714185,-0.15525908894834697,0.6809921696356779,0.3659867288175139
-1.0809072120504317,-0.32570815755656213,2.325332015851778,-0.21067854969796082,-0.07750580906953418
-1.7062824610366776,-1.1472015295132332,-0.8787648278483835,0.6119938401634315,-1.6421329618333902
2.3913400752226566,-1.1472015295132332,-0.15525908894834697,-1.8294855103929586,2.4303749133613177
1.2010782908806594,-1.1472015295132332,-0.15525908894834697,0.346615649885563,0.5372123607711767
-1.403838892884203,-1.1472015295132332,-0.8787648278483835,0.6119938401634315,-1.2803204957263579
0.581556788374784,-0.5265176484793039,-0.15525908894834697,0.07592989580213745,0.6080017563138567
-0.6184612401011639,0.9886812375741115,-1.0165754447817237,-1.373035023115025,-1.0558515577234997
1.9815778215967232,-1.1472015295132332,-0.8787648278483835,0.6119938401634315,-0.015186939489225849
-0.6457787236762262,-1.1472015295132332,-0.15525908894834697,0.2776173204133166,0.18084523278281192
0.36009004653410104,0.6965947053228507,-0.15525908894834697,-0.5609777608647469,0.22017267475096755
1.4693750045643064,-1.1472015295132332,-0.15525908894834697,2.5227168101640847,0.15785380517065922
-1.1501765454014823,0.13067704908603292,-0.15525908894834697,1.0896745826635947,-0.23844580235460214
0.5278974456380546,0.31323113174307093,-0.15525908894834697,0.7712207543301526,1.3183158620156228
1.649865521042396,0.7331055218542586,0.8094152295850351,-0.9802753015037794,1.2069889493673054
0.20594138921767835,-0.05187703357100509,-0.15525908894834697,1.0896745826635947,1.1313592532746983
0.2722838493285439,0.6418284805257395,-0.15525908894834697,0.8242963923857263,-0.2844286575789072
0.1835020277095914,0.47752980613440527,0.8094152295850351,-0.4760567399758293,0.8409412202790867
1.9327966009269693,-0.8003487724648611,-0.15525908894834697,-2.0417880626152534,1.3558281912775558
1.4352281500954787,0.40450817307159,0.8094152295850351,-0.13106509261460028,1.868295012001062
1.4352281500954787,0.40450817307159,-0.15525908894834697,-0.13106509261460028,1.647456299410649
-1.0682240946762955,0.2767203152116633,0.8094152295850351,-0.26375418775353454,1.0224524909013437
0.9474159433979388,0.6965947053228507,-1.0165754447817237,-0.5503626332536328,-0.02547257815782052
0.11813519201212118,-1.1472015295132332,-1.0165754447817237,0.6119938401634315,-1.40193304704327
-1.208714010205187,0.31323113174307093,-0.15525908894834697,-0.13106509261460028,-0.9566253964499992
0.10837894787817039,-1.1472015295132332,-0.8787648278483835,0.6119938401634315,-0.6837534529478728
-0.6282174842351147,0.44101898960299746,-0.15525908894834697,-1.1235795242538278,-0.19246294713029694
0.9474159433979388,0.6965947053228507,0.8094152295850351,-0.5503626332536328,1.7291363711906647
1.6898661219915947,-0.5995392815421192,-0.15525908894834697,1.036598944608021,0.2758361310751265
0.7035098400491689,-1.1472015295132332,-0.8787648278483835,0.6119938401634315,-1.0098687024991948
-1.3774970337225358,-1.1472015295132332,-0.15525908894834697,0.2776173204133166,-1.0056334395180087
0.8361947602709,0.9704258293084078,0.8094152295850351,-0.8263559511426154,2.570138591740456
0.0693539713423672,-0.14315407489952411,-0.15525908894834697,-0.07798945455902657,0.5390274734773989
-0.9648079068564172,-0.49000683194789635,2.325332015851778,-0.03022138030900995,0.9177809915091757
0.3230163188250879,-1.1472015295132332,3.0143851005184796,0.6119938401634315,0.23469357640074823
0.4400912484324974,-1.1472015295132332,-0.15525908894834697,1.1958258587747421,-0.5833172165368906
-0.6165099912743739,0.1124216408203292,-0.15525908894834697,0.0653147681910218,0.6588249120880888
0.7132660841831198,-1.1472015295132332,-0.637596248215038,1.1958258587747421,-0.7436521722532176
1.649865521042396,0.9704258293084078,-0.15525908894834697,-0.9802753015037794,1.343727439902739
-0.018452225863189963,-1.1472015295132332,-0.15525908894834697,0.1343130976632682,-0.6244597712112688
0.8361947602709,0.9704258293084078,0.8094152295850351,-0.8263559511426154,2.570138591740456
0.27716197139551924,-1.1472015295132332,-0.8787648278483835,1.222363677802529,-0.5403595491562897
1.074247117139299,1.3903002194195955,-0.8787648278483835,-1.245653491781648,0.670320625894165
-1.2965202074107443,2.138771958313451,-0.15525908894834697,-1.1925778537260743,-1.173833883627967
2.088896507070182,-0.43524060715078494,-0.15525908894834697,1.567355325163758,1.2541818797290918
-0.3784576344059744,0.13067704908603292,0.8094152295850351,0.3306929584688903,0.28854192001868456
0.3230163188250879,-1.1472015295132332,-0.15525908894834697,0.6119938401634315,-0.42298226082056356
-1.072126592329876,0.2949757234773672,-1.0165754447817237,-0.874124025392632,-1.1677835079405585
-0.801878629819439,0.22195409041455194,0.8094152295850351,-0.5450550694480757,0.51845619614021
-1.242860864674015,1.1529799119654458,-0.15525908894834697,-0.2478314963368618,-0.11259798805650378
0.5952155301623149,0.587062255728628,2.0152581277517627,-0.2955995705868784,1.9953529014366416
1.0303440185365207,-1.1472015295132332,-0.8787648278483835,0.2776173204133166,-0.6504763866671257
-0.21357710854220588,-1.1472015295132332,-0.8787648278483835,0.6119938401634315,-1.4884534193732126
-0.6184612401011639,0.9886812375741115,-0.637596248215038,-1.1288870880593864,-0.3164956487221726
0.5474099339059562,-1.1472015295132332,-0.15525908894834697,0.6119938401634315,-0.17249670736184874
-0.7501705359094997,-1.1472015295132332,-0.15525908894834697,0.5058425640522841,0.8730082114223522
-0.63309560630209,-1.1472015295132332,1.9808054735184275,1.222363677802529,0.29519733327483394
-0.6272418598217196,0.7513609301199623,0.8094152295850351,-1.1182719604482707,0.5795649905830365
0.11813519201212118,-1.1472015295132332,-0.15525908894834697,0.6119938401634315,-0.5597207513559971
-0.8448061040088223,0.6600838887914433,0.8094152295850351,-0.7361273664481407,-0.18762264658037017
-1.6448181229927874,-1.1472015295132332,-0.8787648278483835,1.222363677802529,-1.639712811558427
0.5474099339059562,-1.1472015295132332,1.9808054735184275,0.6119938401634315,0.4149947718855234
-0.801878629819439,0.22195409041455194,-0.637596248215038,-0.5450550694480757,-0.6377705977235676
0.8361947602709,0.9704258293084078,-0.15525908894834697,-0.8263559511426154,2.2071160504959417
-1.3394476816001277,-1.1472015295132332,-0.15525908894834697,0.6119938401634315,-0.3981757205021884
-0.6272418598217196,0.7513609301199623,2.325332015851778,-1.1182719604482707,0.7816475385424829
2.088896507070182,-0.43524060715078494,-1.0165754447817237,1.0896745826635947,-0.318915798997136
1.0010752861346681,1.7554083847336717,-0.15525908894834697,-1.4101879697539261,1.0514942942009051
-0.6184612401011639,0.9886812375741115,2.325332015851778,-1.1288870880593864,1.0974771494252102
-1.0194428740065415,-0.3987297906193774,2.325332015851778,-1.2562686193927621,0.17297974438918062
-1.7062824610366776,-1.1472015295132332,-1.0165754447817237,0.6119938401634315,-1.8302996457117968
1.074247117139299,1.3903002194195955,0.8094152295850351,-1.245653491781648,0.7955634026235224
1.4449843942294294,2.248304407907674,2.0152581277517627,-1.5428770648928603,1.9287987688751478
0.8010722813886769,0.8426379714484813,0.8094152295850351,-1.404880405948369,2.0528314704670234
-1.5696950431613665,-1.1472015295132332,-1.0165754447817237,0.6119938401634315,-1.72683822145711
1.4449843942294294,1.864940834327894,-0.15525908894834697,-1.4314182249761558,1.5409696873122583
-1.0194428740065415,-0.3987297906193774,-0.15525908894834697,-1.2562686193927621,-0.06843024553842142
-0.5657775217778296,0.9156596045112966,-1.0165754447817237,-1.1660400346982873,-1.1786741841778938
0.3220406944116926,2.8872436972073072,-0.15525908894834697,-0.6724366007814514,0.20565177310118685
-0.8848067049580207,-1.1472015295132332,-0.15525908894834697,0.2776173204133166,-1.04193569364246
2.088896507070182,-0.43524060715078494,-0.15525908894834697,1.0896745826635947,1.3975757835206752
0.12984268497286203,-1.1472015295132332,-0.8787648278483835,0.2776173204133166,-0.7841896893588551
-0.01747660144979466,0.6600838887914433,2.325332015851778,-1.1129643966427136,1.4393233757637942
-0.398945747087271,-1.1472015295132332,1.9808054735184275,0.6119938401634315,0.7840676888174463
-0.6165099912743739,0.1124216408203292,2.325332015851778,0.0653147681910218,1.1543506808868507
-0.3784576344059744,-1.1472015295132332,-0.8787648278483835,0.2776173204133166,-1.4811929685483223
-0.4769957001588774,-1.1472015295132332,-0.8787648278483835,0.2776173204133166,-0.7805594639464098
-1.2994470806509295,0.40450817307159,-0.15525908894834697,0.5907635849412017,-0.2995545967974286
0.079110215476318,0.24020949868025568,-0.15525908894834697,-0.9271996634482057,1.134989478687143
-0.0399159629578816,-1.1472015295132332,-0.15525908894834697,0.2776173204133166,-0.2081939239175593
-1.0916390805977776,-1.1472015295132332,-0.637596248215038,-0.8847391530037462,-1.0854983985918019
-0.3794332588193694,-1.1472015295132332,-0.8787648278483835,0.2935400118299893,-1.3777315442936358
-1.1911527707640754,0.5140406226658127,-0.15525908894834697,0.6809921696356779,-1.000188101399341
-0.6048024983136328,0.6053176639943317,0.8094152295850351,-1.3199593850594513,1.1579809062992958
1.0898571077536205,1.0617028706369267,-1.0165754447817237,-1.1978854175316314,-0.4066462464645602
1.0010752861346681,1.7554083847336717,2.0152581277517627,-1.4101879697539261,1.3116604487594734
1.074247117139299,0.9704258293084078,-0.8787648278483835,-1.245653491781648,0.41438973431678267
-0.801878629819439,0.22195409041455194,2.325332015851778,-0.7892030045037144,0.1524084670519917
0.2937475864232355,-1.1472015295132332,-0.15525908894834697,0.6650694782190052,-0.4411333878827891
0.35521192446712563,0.4227635813372937,-1.0165754447817237,-0.26375418775353454,-0.36429361665270027
-0.8409036063552422,0.2767203152116633,-1.0165754447817237,-0.9749677376982223,-1.1968253112401195
-0.1657715122858472,0.7513609301199623,-0.15525908894834697,-0.5238248142258459,0.9044701649968769
0.5766786663078086,-0.5995392815421192,-0.15525908894834697,0.08123745960769452,0.6073967187451159
0.22545387748557993,-1.1472015295132332,-0.15525908894834697,0.1873887357188419,-0.4822759425571674
1.074247117139299,0.9704258293084078,-1.0165754447817237,-1.245653491781648,-0.003086188114408538
2.088896507070182,-0.43524060715078494,-0.8787648278483835,1.0896745826635947,0.18750064603896133
2.420608807624509,-1.1472015295132332,1.9808054735184275,0.45276692599671037,1.449609014432389
-0.2711389489325156,1.1894907284968537,-0.637596248215038,-1.1872702899205172,-0.3715540674775906
0.8361947602709,0.9704258293084078,2.0152581277517627,-0.8263559511426154,2.691146105488627
1.2498595115504134,-1.1472015295132332,-0.15525908894834697,-0.2902920067813214,1.0575446698883133
0.44204249725928746,0.7513609301199623,-0.15525908894834697,0.8242963923857263,-0.2202946752923764
1.218639530321771,0.9339150127770003,-1.0165754447817237,-1.755179617115155,0.3799025928985538
-0.01747660144979466,0.6600838887914433,-0.637596248215038,-1.1129643966427136,0.23892883938193424
-1.403838892884203,-1.1472015295132332,1.9808054735184275,0.6119938401634315,0.10703064939642745
0.35521192446712563,0.31323113174307093,-0.15525908894834697,-0.10452727358681342,0.3768774050548493
1.5815718121047406,0.8791487879798888,-1.0165754447817237,0.2935400118299893,0.2709958305251993
0.09862270374421958,0.495785214400109,-0.15525908894834697,0.3996912879411367,0.43072574867278557
0.3230163188250879,-1.1472015295132332,-0.15525908894834697,0.6119938401634315,-0.41753692270189563
-1.0955415782513578,0.9886812375741115,-0.15525908894834697,0.06000720438546473,-1.0159190781866032
-0.9072460664661074,-1.1472015295132332,-0.15525908894834697,1.222363677802529,-0.6516864618046073
-0.6272418598217196,0.7513609301199623,-0.637596248215038,-1.1182719604482707,-0.5718215027308142
-0.018452225863189963,0.7513609301199623,-0.15525908894834697,-0.9802753015037794,2.506004609453925
-0.63309560630209,0.2767203152116633,0.8094152295850351,-1.1395022156705006,0.6207075452574147
0.1981363939105176,0.587062255728628,-0.637596248215038,-0.3009071343924355,0.13123215214606165
-0.2935783104406023,1.043447462371223,-0.637596248215038,-1.9727897331430069,0.44766680059752967
0.34935817798675495,0.31323113174307093,-0.15525908894834697,-0.1257575288090432,-0.5881575170868173
0.8361947602709,0.9704258293084078,0.8094152295850351,-0.8263559511426154,2.570138591740456
0.9474159433979388,0.6965947053228507,2.0152581277517627,-0.5503626332536328,1.8198920065017936
0.3620412953608911,0.31323113174307093,-0.15525908894834697,-0.08329701836458364,0.6902868656626132
-0.5316306673090018,-0.32570815755656213,-1.0165754447817237,0.4686896174133831,-1.4061683100244562
1.4449843942294294,1.864940834327894,0.8094152295850351,-1.4314182249761558,1.7835897523773416
0.003011511231501677,0.8974041962455925,2.325332015851778,-1.0492736309760258,1.9439247080936692
0.2644788540213831,-1.1472015295132332,-0.15525908894834697,2.5227168101640847,0.7858828015236689
-1.2721295970758673,0.4592743978687015,-0.15525908894834697,1.1374426569136113,-0.8973317147133955
-0.5726068926715953,1.0251920541055193,-0.15525908894834697,-2.105478828281941,1.2517617294541286
0.0010602624047116288,-1.1472015295132332,-1.0165754447817237,0.5589182021078578,-1.419479136536755
-1.1892015219372853,0.495785214400109,-0.15525908894834697,0.7181451162745789,-0.35279790284662416
0.43423750195212674,0.952170421042704,-0.15525908894834697,0.10777527863548136,0.1481732040708057
0.1981363939105176,0.587062255728628,2.325332015851778,-0.3009071343924355,1.3261813504092541
-0.2486995874244287,-0.08838785010241273,-0.637596248215038,0.6597619144134481,-0.8525589346265718
-1.1892015219372853,0.495785214400109,-0.15525908894834697,0.6650694782190052,-1.5174952226727736
0.35228505122694026,0.31323113174307093,-0.15525908894834697,-0.13106509261460028,0.5789599530142957
-1.0194428740065415,-0.3987297906193774,-1.0165754447817237,-1.2562686193927621,-0.818676830777084
-1.1560302918818528,0.860893379714185,-0.15525908894834697,2.082189014302822,-1.5900997309216767
1.132784581943004,-1.1472015295132332,-1.0165754447817237,0.6119938401634315,-0.9505750207625908
-0.4769957001588774,-1.1472015295132332,-0.15525908894834697,0.2776173204133166,0.29519733327483394
-1.208714010205187,-1.1472015295132332,-0.15525908894834697,0.6119938401634315,-1.0201543411677891
-0.398945747087271,-1.1472015295132332,-1.0165754447817237,0.7181451162745789,-1.715342507651034
0.8361947602709,0.9704258293084078,-0.8787648278483835,-0.8263559511426154,-0.7212657822098061
0.9571721875318896,3.124564004661456,0.8094152295850351,-2.8591528886710886,1.5355243491935908
-1.2282264984730886,1.773663792999375,-0.15525908894834697,-0.7148971112259109,-1.292421247101175
1.0059534082016437,-1.1472015295132332,1.9808054735184275,2.5227168101640847,1.0944519615815056
1.1025402251277563,2.868988288941603,-0.8787648278483835,-1.8347930741985157,1.4683651790633556
-1.3228620665724113,-1.1472015295132332,-0.15525908894834697,1.222363677802529,-0.2983445216599469
0.0693539713423672,-0.14315407489952411,-0.8787648278483835,-0.07798945455902657,-0.6468461612546806
-0.5726068926715953,1.0251920541055193,-1.0165754447817237,-2.105478828281941,-0.4477888011389385
1.5815718121047406,0.8791487879798888,2.0152581277517627,0.2935400118299893,2.328123564244113
-1.2477389867409903,0.13067704908603292,-0.15525908894834697,0.1343130976632682,-0.6837534529478728
-1.1911527707640754,0.5140406226658127,-0.15525908894834697,0.6809921696356779,-0.6674174385918697
-1.0535897284753692,0.8243825631827776,-0.15525908894834697,-1.1766551623094015,-0.22392490070482146
-1.013589127526171,-1.1472015295132332,-1.0165754447817237,0.6119938401634315,-1.6869057419202136
-0.6272418598217196,0.7513609301199623,-0.15525908894834697,-1.1182719604482707,0.15603869246443658
-0.2711389489325156,1.1894907284968537,-1.0165754447817237,-1.1872702899205172,-1.177464109040412
-1.2028602637248167,0.6965947053228507,-0.15525908894834697,2.103419269525052,-1.1084898262039544
-0.8848067049580207,-1.1472015295132332,-0.8787648278483835,0.2776173204133166,-1.6227717596336828
-0.26235832921195984,-1.1472015295132332,-0.8787648278483835,0.08123745960769452,-1.3365889896192575
0.3230163188250879,0.678339297057147,-0.15525908894834697,-0.6671290369758943,0.6340183717697135
1.4449843942294294,1.864940834327894,-0.15525908894834697,-1.4314182249761558,1.5409696873122583
1.9327966009269693,0.47752980613440527,-1.0165754447817237,0.033469385357677885,0.18024019521407075
0.47911622496830064,0.860893379714185,-0.15525908894834697,0.9835233065524474,0.3544910150114377
-0.2604070803851698,-1.1472015295132332,1.9808054735184275,1.222363677802529,0.7798324258362602
0.9571721875318896,3.124564004661456,2.0152581277517627,-2.8591528886710886,1.6746829900039877
-0.8448061040088223,0.6600838887914433,2.325332015851778,-0.7361273664481407,-0.07629573393205229
-0.925782930320614,0.3497419482744784,0.8094152295850351,-0.5450550694480757,0.5251116093963594
2.176702704275739,-1.1472015295132332,-0.8787648278483835,1.036598944608021,-0.09747204883798236
2.566952469633771,-1.1472015295132332,-1.0165754447817237,-0.3964432828924688,0.41257462161056
-0.4604100851311611,-0.033621625305301356,0.8094152295850351,0.7818358819412667,-0.21000903662378173
1.9327966009269693,0.47752980613440527,-0.15525908894834697,0.033469385357677885,2.0256047798736847
0.382529408042188,-1.1472015295132332,-0.15525908894834697,0.2776173204133166,0.23469357640074823
-0.398945747087271,-1.1472015295132332,-0.8787648278483835,0.6119938401634315,-0.8713150992575384
-1.208714010205187,-0.05187703357100509,-0.15525908894834697,1.036598944608021,-0.48167090498842663
2.420608807624509,-1.1472015295132332,-0.637596248215038,0.45276692599671037,0.8215800180793792
-0.7160236814406719,-1.1472015295132332,-0.8787648278483835,0.2776173204133166,-1.3831768824123034
0.5474099339059562,-1.1472015295132332,-1.0165754447817237,0.6119938401634315,-1.16173313225315
-1.208714010205187,0.31323113174307093,-0.15525908894834697,-0.13106509261460028,-0.560325788924738
-0.7501705359094997,-1.1472015295132332,-0.8787648278483835,0.6119938401634315,-1.067952309098317
1.4449843942294294,1.864940834327894,-0.8787648278483835,-1.4314182249761558,0.8699830235786481
-0.5657775217778296,0.9156596045112966,2.325332015851778,-1.1660400346982873,0.6902868656626132
-0.03796471413109155,0.860893379714185,-0.15525908894834697,0.9835233065524474,-0.15616069300584542
0.0010602624047116288,-1.1472015295132332,-0.15525908894834697,0.5589182021078578,-0.5355192486063629
-0.7501705359094997,-1.1472015295132332,-1.0165754447817237,0.6119938401634315,-1.4164539486930505
1.132784581943004,-1.1472015295132332,1.9808054735184275,0.6119938401634315,0.8451764832602727
-0.2486995874244287,-0.08838785010241273,-1.0165754447817237,0.4262291069689235,-1.0649271212546128
0.003011511231501677,0.8974041962455925,-0.637596248215038,-1.0492736309760258,0.7798324258362602
-1.3228620665724113,-1.1472015295132332,1.9808054735184275,1.222363677802529,0.2927771829998701
-0.6321199818886951,-0.10664325836811647,-0.637596248215038,-0.008991125086780169,-0.8410632208204956
-0.21357710854220588,-1.1472015295132332,-1.0165754447817237,0.6119938401634315,-1.6106710082588658
0.4693599808343498,-1.1472015295132332,-0.15525908894834697,0.1873887357188419,-0.25720196698556863
-1.2477389867409903,0.31323113174307093,-0.15525908894834697,0.6119938401634315,-0.619619470661342
-0.6165099912743739,0.7148501135885544,-1.0165754447817237,-1.3624198955039095,-1.0437508063486827
-0.730658047641598,-0.8368595889962686,0.8094152295850351,1.3550527729414632,-0.700089467303876
0.5278974456380546,-1.1472015295132332,-0.8787648278483835,0.6119938401634315,-1.123010727853735
-1.0057841322190104,0.6235730722600354,0.8094152295850351,-0.4335962295313697,0.85727723463509
1.0059534082016437,-1.1472015295132332,-0.15525908894834697,2.5227168101640847,0.09856012343405542
-1.2867639632767933,0.31323113174307093,-0.15525908894834697,1.1427502207191684,-1.4690922171735052
-0.8448061040088223,0.6600838887914433,-0.637596248215038,-0.9855828653093365,-0.7321564584471414
0.040085238940514814,-1.1472015295132332,-0.15525908894834697,0.2935400118299893,-0.7490975103718853
-1.1892015219372853,0.495785214400109,-0.15525908894834697,0.6650694782190052,-1.3529250039752605
-0.43992197244986425,0.07591082428892156,-0.637596248215038,-0.3433676448368951,-0.48711624310709434
-0.21357710854220588,-1.1472015295132332,-0.15525908894834697,0.6119938401634315,-0.9723563732372615
1.9815778215967232,-1.1472015295132332,-0.15525908894834697,0.6119938401634315,0.5487080745772529
0.7035098400491689,-1.1472015295132332,-0.8787648278483835,0.6119938401634315,-1.5616629651908565
-0.8448061040088223,0.6600838887914433,0.8094152295850351,-0.9855828653093365,0.2262230504383762
-1.0535897284753692,0.8243825631827776,-1.0165754447817237,-1.1766551623094015,-1.6590740137581343
0.20691701363107365,-0.033621625305301356,-0.15525908894834697,0.3147702670522191,0.47307837848464573
1.9327966009269693,-1.1472015295132332,-0.8787648278483835,2.5227168101640847,0.22864320071333957
-0.398945747087271,-1.1472015295132332,1.9808054735184275,0.7181451162745789,-0.7787443512401874
0.8361947602709,0.9704258293084078,-1.0165754447817237,-0.8263559511426154,0.02898080302885652
0.3230163188250879,-1.1472015295132332,-0.8787648278483835,0.6119938401634315,-1.063717046117131
-0.398945747087271,-1.1472015295132332,-0.8787648278483835,0.6650694782190052,-1.5023692834542521
2.088896507070182,-0.43524060715078494,0.8094152295850351,1.0896745826635947,1.6359605856045727
0.9474159433979388,0.6965947053228507,-0.15525908894834697,-0.5503626332536328,1.589372692811527
0.00203588681810693,1.0069366458398157,0.8094152295850351,-1.0545811947815829,0.9813099362269655
0.35228505122694026,0.31323113174307093,-0.15525908894834697,-0.13106509261460028,-0.5881575170868173
1.9815778215967232,-1.1472015295132332,1.9808054735184275,0.6119938401634315,1.1773421084990032
-0.4604100851311611,-0.033621625305301356,-1.0165754447817237,0.7818358819412667,-1.2984716227885835
0.10837894787817039,0.13067704908603292,-0.15525908894834697,-0.18414073067017397,0.4422214624788622
-0.4204094841819626,-0.3074527492908584,-0.637596248215038,0.9251401046913166,-0.7672486374341111
-1.1540790430550627,1.591109710342337,-0.15525908894834697,-0.2849844429757643,-0.43205782435167633
0.030328994806564015,0.495785214400109,-0.15525908894834697,-0.44951892094804247,1.0890066234628382
0.7035098400491689,-1.1472015295132332,-1.0165754447817237,0.6119938401634315,-1.1466071930346287
-1.2311533717132739,1.70064215993656,-0.15525908894834697,-0.7308198026425836,-1.292421247101175
0.00203588681810693,1.0069366458398157,-0.15525908894834697,-1.0545811947815829,0.8143195672544891
0.8361947602709,0.9704258293084078,0.8094152295850351,-0.8263559511426154,2.570138591740456
-0.26235832921195984,0.587062255728628,-0.15525908894834697,-1.1395022156705006,1.9995881644178282
-1.0057841322190104,0.6235730722600354,2.325332015851778,-0.4335962295313697,0.9752595605395569
1.4449843942294294,1.864940834327894,-0.8787648278483835,-1.4314182249761558,0.8699830235786481
1.4449843942294294,1.864940834327894,0.8094152295850351,-1.4314182249761558,1.7835897523773416
0.5952155301623149,0.587062255728628,-1.0165754447817237,-0.2955995705868784,-0.648661273960903
1.552303079702888,-1.1472015295132332,-0.15525908894834697,1.9919604296083475,-0.6637872131794245
1.649865521042396,0.9704258293084078,-0.15525908894834697,-0.9802753015037794,0.980099861089484
-0.0399159629578816,0.495785214400109,-0.15525908894834697,1.5514326337470854,0.14212282838339704
-0.26235832921195984,-0.17966489143093176,-1.0165754447817237,0.6013787125523173,-1.5931249187653806
1.074247117139299,1.4633218524824105,0.8094152295850351,-1.245653491781648,1.30197984765962
0.0010602624047116288,0.13067704908603292,-0.15525908894834697,0.537687946885628,0.5299519099462862
0.8361947602709,0.9704258293084078,-0.15525908894834697,-0.8263559511426154,2.2071160504959417
-0.3784576344059744,0.13067704908603292,-0.15525908894834697,0.3306929584688903,-0.27777324432275774
-0.801878629819439,0.22195409041455194,2.325332015851778,-0.5450550694480757,0.5723045397581463
0.7035098400491689,-1.1472015295132332,3.0143851005184796,0.6119938401634315,0.3653816912487731
0.13179393379965207,0.5688068474629242,-0.637596248215038,-0.6565139093647802,-0.009136563801817193
1.9815778215967232,-1.1472015295132332,-0.15525908894834697,0.6119938401634315,0.551733262420957
-1.7062824610366776,-1.1472015295132332,1.9808054735184275,0.6119938401634315,-0.5663761646121465
-1.169689033669384,-1.1472015295132332,1.9808054735184275,0.6119938401634315,0.5178511585714692
0.8361947602709,0.9704258293084078,2.0152581277517627,-0.8263559511426154,2.691146105488627
-0.3794332588193694,-1.1472015295132332,-0.15525908894834697,0.2404643737744156,-1.0455659190549054
-0.43992197244986425,0.07591082428892156,-0.15525908894834697,-0.3433676448368951,-0.06601009526345804
-0.24284584094405826,-1.1472015295132332,-0.8787648278483835,0.2404643737744156,-1.2772953078826534
-0.01747660144979466,0.6600838887914433,0.8094152295850351,-1.1129643966427136,1.3328367636654035
-1.0535897284753692,0.8243825631827776,-0.637596248215038,-1.1766551623094015,-0.6843584905166136
-0.7160236814406719,-1.1472015295132332,-0.15525908894834697,0.2776173204133166,-0.7376017965658092
2.566952469633771,-1.1472015295132332,-0.637596248215038,-0.3964432828924688,1.5089026961689926
1.171809558478807,2.6499233897531576,-0.15525908894834697,-0.7148971112259109,1.2602322554165006
-0.10430717424195708,0.7513609301199623,-0.15525908894834697,-0.13637265642015733,0.27825628135008984
1.0010752861346681,1.7554083847336717,-0.8787648278483835,-1.4101879697539261,0.742925134143068
0.3620412953608911,0.31323113174307093,-0.15525908894834697,-0.07798945455902657,0.6902868656626132
0.9571721875318896,3.124564004661456,-0.8787648278483835,-2.8591528886710886,0.6582198745193482
-1.013589127526171,-1.1472015295132332,1.9808054735184275,0.6119938401634315,-0.16463121896821745
0.8361947602709,0.9704258293084078,-0.8787648278483835,-0.8263559511426154,1.2753581946350219
-0.8477329772490076,-1.1472015295132332,1.9808054735184275,2.5227168101640847,0.45432221385367905
-1.2126165078587674,0.0028891912261062797,-0.15525908894834697,1.036598944608021,-0.48167090498842663
0.7132660841831198,-1.1472015295132332,0.8094152295850351,1.1958258587747421,-0.2928991835412792
-0.9316366768009844,0.24020949868025568,0.8094152295850351,-0.5769004522814196,0.04531681738485985
-0.5062644325607297,-1.1472015295132332,-0.15525908894834697,0.028161821552120814,-1.0576666704297224
-1.013589127526171,-1.1472015295132332,-0.8787648278483835,0.6119938401634315,-1.4176640238305322
1.4693750045643064,-1.1472015295132332,-0.8787648278483835,2.5227168101640847,0.015669976516557736
-0.41845823535517257,-0.07013244183670883,-0.15525908894834697,0.45276692599671037,0.2709958305251993
0.3620412953608911,0.678339297057147,-0.15525908894834697,-0.5556701970591899,0.22017267475096755
-0.2486995874244287,0.02114459949181018,0.8094152295850351,0.4262291069689235,0.11005583724013156
0.00203588681810693,1.0069366458398157,-0.637596248215038,-1.0545811947815829,0.4277005608290815
1.9327966009269693,0.47752980613440527,2.0152581277517627,0.033469385357677885,2.381971907862049
-0.730658047641598,-0.8368595889962686,-0.15525908894834697,1.3550527729414632,-0.7775342761027058
-1.0399309866878381,-1.1472015295132332,-0.15525908894834697,0.2776173204133166,-0.5500401502561434
2.088896507070182,-0.43524060715078494,-1.0165754447817237,1.567355325163758,-0.5573006010810337
0.4400912484324974,-1.1472015295132332,-0.637596248215038,1.1958258587747421,-0.8501387843516085
-1.3170083200920408,0.8426379714484813,-0.15525908894834697,-0.3699054638646819,0.5922707795265945
2.176702704275739,-1.1472015295132332,-0.15525908894834697,1.036598944608021,0.5608088259520702
-1.403838892884203,-0.5995392815421192,-0.15525908894834697,0.8242963923857263,-0.22937023882348917
-0.5657775217778296,0.9156596045112966,-0.15525908894834697,-1.1660400346982873,-0.2783782818914987
-0.6282174842351147,0.44101898960299746,0.8094152295850351,-1.1235795242538278,0.4676330403659778
1.0254658964695451,-1.1472015295132332,-0.8787648278483835,0.2935400118299893,-1.4128237232806056
2.420608807624509,-1.1472015295132332,-0.15525908894834697,0.45276692599671037,1.2777783449099853
-1.2379827426070393,1.043447462371223,-0.15525908894834697,-0.3433676448368951,0.15785380517065922
1.074247117139299,1.3903002194195955,-0.15525908894834697,-1.245653491781648,0.7175135562559519
-0.828220488981106,-1.1472015295132332,1.9808054735184275,0.6119938401634315,0.9625537715959988
-0.23796771887708287,-1.1472015295132332,-0.8787648278483835,0.2776173204133166,-1.4122186857118646
-0.1452833996045503,-0.23443111622804313,-0.15525908894834697,0.7712207543301526,-0.06661513283219878
-0.8448061040088223,0.6600838887914433,-0.15525908894834697,-0.9855828653093365,-0.3842598564211487
0.2937475864232355,-1.1472015295132332,1.9808054735184275,0.6650694782190052,-0.11501813833146717
1.9815778215967232,-1.1472015295132332,1.9808054735184275,0.6119938401634315,1.1797622587739667
0.18642890094977674,-1.1472015295132332,-0.8787648278483835,0.2935400118299893,-0.9626757721374078
0.8361947602709,0.9704258293084078,2.0152581277517627,-0.8263559511426154,2.691146105488627
1.218639530321771,0.9339150127770003,2.0152581277517627,-1.755179617115155,2.461231829367102
0.605947398709661,-1.1472015295132332,-1.0165754447817237,0.8773720304413,-1.3069421487509556
0.8361947602709,0.9704258293084078,-0.8787648278483835,-0.8263559511426154,1.2753581946350219
1.132784581943004,-1.1472015295132332,-0.8787648278483835,0.6119938401634315,-0.42842759893923127
1.218639530321771,0.9339150127770003,-0.15525908894834697,-1.755179617115155,2.037705531248502
-1.2887152121035834,0.8791487879798888,-0.15525908894834697,0.01754669394100668,-1.3081522238884373
-1.2867639632767933,0.860893379714185,-0.15525908894834697,0.028161821552120814,-1.3081522238884373
-1.0535897284753692,0.8243825631827776,2.325332015851778,-1.1766551623094015,0.8064540788608578
1.4449843942294294,2.248304407907674,-0.8787648278483835,-1.5428770648928603,0.724774007080842
-1.0535897284753692,0.8243825631827776,0.8094152295850351,-1.1766551623094015,0.26192026699408655
-0.6048024983136328,0.6053176639943317,-0.15525908894834697,-1.3199593850594513,1.0514942942009051
-1.0087110054591957,0.03940000775751392,-0.637596248215038,-0.8316635149481725,-0.10957280021279968
-1.3355451839465473,0.13067704908603292,-0.15525908894834697,1.036598944608021,0.09795508586531425
0.6352161311115133,-1.1472015295132332,1.9808054735184275,2.5227168101640847,0.9462177572399959
-0.3638232682050482,-1.1472015295132332,-0.8787648278483835,0.2776173204133166,-0.5687963148871099
2.332802610418952,0.3497419482744784,-0.15525908894834697,-0.9802753015037794,0.39623860725455673
-1.074077841156666,-1.1472015295132332,-0.8787648278483835,1.222363677802529,-1.1538676438595186
2.566952469633771,-0.6908163228706382,-0.15525908894834697,-0.9802753015037794,1.6377756983107954
-1.0399309866878381,-1.1472015295132332,-0.8787648278483835,0.2776173204133166,-1.4575965033674287
-0.398945747087271,-1.1472015295132332,-0.15525908894834697,0.7181451162745789,-0.9923226130057098
-0.4574832118909758,-0.3074527492908584,0.8094152295850351,0.7977585733579394,-0.1985133228177056
-1.0682240946762955,0.2767203152116633,-0.15525908894834697,-0.26375418775353454,0.38595296858596245
-1.0818828364638267,1.226001545028261,-0.15525908894834697,0.1343130976632682,0.18689560847022016
0.43326187753873197,-0.3074527492908584,-0.15525908894834697,0.532380383080071,1.355223153708815
-1.12090781299963,0.678339297057147,-0.15525908894834697,1.1427502207191684,-0.2523616664356419
-1.1989577660712363,0.678339297057147,-0.15525908894834697,2.098111705719495,-1.1084898262039544
-0.1560152681518964,0.4227635813372937,-0.15525908894834697,1.068444327441365,-0.14648009190599193
0.003011511231501677,0.8974041962455925,0.8094152295850351,-1.0492736309760258,1.9360592197000375
-0.7501705359094997,-1.1472015295132332,-0.15525908894834697,0.6119938401634315,-0.26506745537919973
1.218639530321771,0.9339150127770003,0.8094152295850351,-1.755179617115155,2.3523250669937474
-0.547240657923323,-1.1472015295132332,-0.8787648278483835,0.2776173204133166,-1.3148076371445867
-0.6155343668609785,0.07591082428892156,-1.0165754447817237,0.0653147681910218,-1.3093622990259188
0.1844776521229867,-1.1472015295132332,-0.8787648278483835,0.2776173204133166,-1.2089260626149367
-1.2477389867409903,1.226001545028261,-0.15525908894834697,-0.23721636872574767,-0.11259798805650378
0.3230163188250879,-1.1472015295132332,-0.8787648278483835,0.6119938401634315,-1.1998504990838237
2.420608807624509,-1.1472015295132332,-1.0165754447817237,0.45276692599671037,-0.06177483228227203
-0.10625842306874712,-1.1472015295132332,-0.15525908894834697,2.5227168101640847,0.6672954380504609
-1.402863268470808,-0.5812838732764154,-0.15525908894834697,0.8083737009690536,-0.35582309069032825
-0.6321199818886951,-0.10664325836811647,2.325332015851778,-0.008991125086780169,0.289751995156166
0.7620473048528738,1.0982136871683346,-0.15525908894834697,-1.8825611484485323,1.2481315040416836
0.0693539713423672,0.16718786561744056,-0.15525908894834697,-0.6458987817536646,0.36961695422995916
-1.1492009209880873,0.9156596045112966,-0.15525908894834697,-0.25844662394797746,-0.12409370186257992
-1.1911527707640754,0.5140406226658127,-0.15525908894834697,0.6809921696356779,-1.5174952226727736
-1.074077841156666,-1.1472015295132332,1.9808054735184275,1.222363677802529,0.5293468723775454
-1.2965202074107443,-0.05187703357100509,-0.15525908894834697,-0.23721636872574767,-1.1786741841778938
0.8693659903263324,0.13067704908603292,-0.15525908894834697,0.5589182021078578,1.8810008009446197
0.5230193235710792,0.3314865400087747,-0.15525908894834697,0.7659131905245955,1.3189208995843635
1.0547346288713975,-1.1472015295132332,-1.0165754447817237,0.2935400118299893,-1.2173965885773086
0.5952155301623149,0.587062255728628,0.8094152295850351,-0.2955995705868784,1.516768184562624
0.3230163188250879,-1.1472015295132332,1.9808054735184275,0.6119938401634315,-0.008531526233076457
0.20594138921767835,0.860893379714185,-0.15525908894834697,1.567355325163758,-0.17854708304925718
1.0059534082016437,-1.1472015295132332,1.9808054735184275,2.5227168101640847,0.3472305641865476
-0.5062644325607297,-1.1472015295132332,-0.8787648278483835,0.028161821552120814,-1.430974850342831
0.1835020277095914,0.47752980613440527,-1.0165754447817237,-0.4760567399758293,-0.7182405943661017
0.382529408042188,-1.1472015295132332,-0.8787648278483835,0.2776173204133166,-0.6280899966237139
0.11813519201212118,-1.1472015295132332,1.9808054735184275,0.6119938401634315,-0.1664463316744401
0.43033500429854665,0.860893379714185,-0.15525908894834697,0.08123745960769452,0.14756816650206453
-0.801878629819439,0.22195409041455194,-0.15525908894834697,-0.5450550694480757,0.1481732040708057
-0.9648079068564172,-0.49000683194789635,0.8094152295850351,-0.03022138030900995,0.8330757318854558
0.408871267203855,1.4633218524824105,-0.8787648278483835,-1.3146518212538942,-0.08597633503190621
-0.63309560630209,-1.1472015295132332,-0.8787648278483835,1.222363677802529,-1.1974303488088602
-0.21065023530202054,0.03940000775751392,-0.15525908894834697,0.4315366707744806,-0.06177483228227203
0.7132660841831198,-1.1472015295132332,1.9808054735184275,1.1958258587747421,-0.21000903662378173
-1.12090781299963,2.2848152244390816,-0.15525908894834697,-0.08860458217014072,-0.0641949825572354
-1.5053038318772913,-1.1472015295132332,-1.0165754447817237,1.222363677802529,-1.9059293418044039
-0.8409036063552422,0.2767203152116633,2.325332015851778,-0.9749677376982223,0.3478356017552883
0.09179333285045414,0.8974041962455925,0.8094152295850351,-1.898483839865205,2.309367399613146
1.0010752861346681,1.7554083847336717,-1.0165754447817237,-1.4101879697539261,-0.3763943680275174
-1.1404203012675316,0.860893379714185,-0.15525908894834697,1.1958258587747421,-0.11985843888139391
0.8361947602709,0.9704258293084078,-0.15525908894834697,-0.8263559511426154,2.2071160504959417
-0.0399159629578816,-1.1472015295132332,-0.8787648278483835,0.2776173204133166,-0.9106425412256942
-1.3774970337225358,-1.1472015295132332,-0.8787648278483835,0.2776173204133166,-1.652418600501985
-0.5316306673090018,-0.32570815755656213,2.325332015851778,0.4686896174133831,0.35630612771766035
0.20594138921767835,1.226001545028261,-0.15525908894834697,-0.874124025392632,0.06286290687834464
-1.2477389867409903,0.14893245735173666,-0.15525908894834697,0.12900553385771113,-0.6837534529478728
-1.0682240946762955,0.2767203152116633,2.325332015851778,-0.26375418775353454,1.13982977923707
-1.5696950431613665,-1.1472015295132332,1.9808054735184275,0.6119938401634315,-0.22997527639223012
1.074247117139299,1.4633218524824105,-0.8787648278483835,-1.245653491781648,0.12215658861494887
-1.3228620665724113,-1.1472015295132332,-0.8787648278483835,1.222363677802529,-1.478167780704618
-1.2282264984730886,1.043447462371223,-0.15525908894834697,-0.7148971112259109,-1.164758320096854
-0.2711389489325156,1.1894907284968537,-0.15525908894834697,-1.1872702899205172,-0.24026091506082456
-0.398945747087271,-1.1472015295132332,-0.637596248215038,0.7181451162745789,-1.3299335763631082
0.8693659903263324,0.05765541602321766,-0.15525908894834697,0.5748408935245305,1.8810008009446197
0.3230163188250879,0.678339297057147,-0.15525908894834697,-0.6618214731703372,0.6340183717697135
0.00203588681810693,1.0069366458398157,-1.0165754447817237,-1.0545811947815829,-0.7067448805600254
-0.12089278926967331,-0.07013244183670883,-0.15525908894834697,0.7977585733579394,0.4065242459231514
-0.2711389489325156,1.1894907284968537,2.325332015851778,-1.1872702899205172,0.9825200113644474
-0.4204094841819626,-0.3074527492908584,2.325332015851778,0.9251401046913166,-0.015791977057966585
0.0693539713423672,-0.14315407489952411,0.8094152295850351,-0.07798945455902657,0.586825441407927
0.3230163188250879,-1.1472015295132332,-1.0165754447817237,0.6119938401634315,-1.3898322956684528
-1.0916390805977776,-1.1472015295132332,2.325332015851778,-0.8847391530037462,0.1899207963139247
-1.1521277942282724,-1.1472015295132332,-0.15525908894834697,0.2776173204133166,-0.8319876572893827
0.7035098400491689,-1.1472015295132332,1.9808054735184275,0.6119938401634315,0.3532809398739558
-0.43992197244986425,0.07591082428892156,-1.0165754447817237,-0.3433676448368951,-1.1726238084904854
0.9669284316658404,-1.1472015295132332,-1.0165754447817237,1.8115032602193968,-1.1218006527162532
-0.24284584094405826,-1.1472015295132332,-0.15525908894834697,0.2404643737744156,-0.915482841775621
0.7132660841831198,-1.1472015295132332,-0.8787648278483835,0.2935400118299893,-0.8797856252199104
-0.63309560630209,0.2767203152116633,2.325332015851778,-1.1395022156705006,0.7864878390924096
0.8361947602709,0.9704258293084078,-0.8787648278483835,-0.8263559511426154,1.2753581946350219
-0.23991896770387292,1.4450664442167065,-0.15525908894834697,-1.8135628189762858,0.954688283202368
-1.0087110054591957,0.03940000775751392,2.325332015851778,-0.8316635149481725,1.285038795734876
0.9669284316658404,-1.1472015295132332,-0.637596248215038,1.8115032602193968,-0.5566955635122928
-1.1892015219372853,0.495785214400109,-0.15525908894834697,0.6650694782190052,-0.6674174385918697
0.10154957698440494,0.5322960309315165,-0.15525908894834697,0.3784610327189069,0.5432627364585849
-0.9316366768009844,0.24020949868025568,-0.15525908894834697,-0.5769004522814196,-0.4266124862330086
0.35521192446712563,0.4227635813372937,-0.8787648278483835,-0.26375418775353454,0.48275897958449926
0.35228505122694026,0.31323113174307093,-0.15525908894834697,-0.13106509261460028,0.11973643833998507
-0.11601466720269792,-0.05187703357100509,-0.15525908894834697,0.7712207543301526,0.4065242459231514
2.371827586954755,-0.1979202996966355,-0.15525908894834697,-0.5556701970591899,1.5403646497435175
1.0547346288713975,-1.1472015295132332,-0.15525908894834697,0.2935400118299893,-0.21000903662378173
-0.2486995874244287,-0.08838785010241273,-0.15525908894834697,0.4262291069689235,-0.31286542330972755
-0.018452225863189963,-1.1472015295132332,-0.8787648278483835,0.1343130976632682,-1.2476484670143515
1.0254658964695451,-1.1472015295132332,-0.8787648278483835,0.2935400118299893,-0.6547116496483116
-1.5053038318772913,-1.1472015295132332,-0.8787648278483835,1.222363677802529,-1.4805879309795813
-0.23991896770387292,1.4450664442167065,2.325332015851778,-1.8135628189762858,1.580902166849155
-0.26235832921195984,-0.17966489143093176,-0.15525908894834697,0.6013787125523173,-0.4598895525137558
0.8010722813886769,0.8426379714484813,-1.0165754447817237,-1.404880405948369,-0.6764930021229825
-0.8448061040088223,0.6600838887914433,-1.0165754447817237,-0.9855828653093365,-1.5350413121662585
-1.0818828364638267,1.1712353202311496,-0.15525908894834697,0.14492822527438234,0.18750064603896133
0.24496636575348152,-1.1472015295132332,-0.15525908894834697,1.1958258587747421,-0.7908451026150045
0.605947398709661,-1.1472015295132332,-0.8787648278483835,0.8773720304413,-0.8380380329767914
-1.0809072120504317,-0.32570815755656213,0.8094152295850351,-0.21067854969796082,-0.374579255321295
0.18642890094977674,0.769616338385666,-0.15525908894834697,2.1724175989972987,-0.20577377364259572
0.27716197139551924,-1.1472015295132332,-1.0165754447817237,1.222363677802529,-1.2512786924267967
1.5815718121047406,0.8791487879798888,-0.8787648278483835,0.2935400118299893,1.2874589460098393
0.5278974456380546,-1.1472015295132332,-1.0165754447817237,0.6119938401634315,-1.240993053758202
1.0547346288713975,-1.1472015295132332,-0.8787648278483835,0.2935400118299893,-0.7019045800100986
-1.2292021228864836,0.9704258293084078,-0.15525908894834697,-0.7361273664481407,-1.164758320096854
-0.23991896770387292,1.4450664442167065,-0.637596248215038,-1.8135628189762858,0.45190206357871565
2.176702704275739,-1.1472015295132332,-0.637596248215038,1.036598944608021,0.1282069643023571
